<?xml version="1.0" encoding="UTF-8"?>
<project-private xmlns="http://www.netbeans.org/ns/project-private/1">
    <editor-bookmarks xmlns="http://www.netbeans.org/ns/editor-bookmarks/2" lastBookmarkId="0"/>
    <open-files xmlns="http://www.netbeans.org/ns/projectui-open-files/2">
        <group>
            <file>file:/E:/Network%20Programming%20Project/TicTacToe/src/tictactoe/Login2_Systems.java</file>
            <file>file:/E:/Network%20Programming%20Project/TicTacToe/src/tictactoe/TicTakToe_s2.java</file>
            <file>file:/E:/Network%20Programming%20Project/TicTacToe/src/tictactoe/Winner2_Form.java</file>
            <file>file:/E:/Network%20Programming%20Project/TicTacToe/src/tictactoe/intro2.java</file>
            <file>file:/E:/Network%20Programming%20Project/TicTacToe/src/tictactoe/Player_1.java</file>
            <file>file:/E:/Network%20Programming%20Project/TicTacToe/src/tictactoe/TicTakToe_s.java</file>
            <file>file:/E:/Network%20Programming%20Project/TicTacToe/src/tictactoe/Player_2.java</file>
            <file>file:/E:/Network%20Programming%20Project/TicTacToe/src/tictactoe/Signup.java</file>
        </group>
    </open-files>
</project-private>
